"Name","TID","InfoTID","SWF","HousingSpace","BarrackLevel","LaboratoryLevel","Speed","Hitpoints","TrainingTime","TrainingResource","TrainingCost","UpgradeTimeH","UpgradeResource","UpgradeCost","DonateCost","AttackRange","AttackSpeed","DPS","PreferedTargetDamageMod","DamageRadius","AreaDamageIgnoresWalls","SelfAsAoeCenter","IconSWF","IconExportName","BigPicture","BigPictureSWF","Projectile","PreferedTargetBuilding","PreferedTargetBuildingClass","DeployEffect","AttackEffect","HitEffect","HitEffect2","IsFlying","AirTargets","GroundTargets","AttackCount","DieEffect","Animation","UnitOfType","IsJumper","MovementOffsetAmount","MovementOffsetSpeed","TombStone","DieDamage","DieDamageRadius","DieDamageEffect","DieDamageDelay","DisableProduction","SecondaryTroop","IsSecondaryTroop","SecondaryTroopCnt","SecondarySpawnDist","RandomizeSecSpawnDist","PickNewTargetAfterPushback","PushbackSpeed","SummonTroop","SummonTroopCount","SummonCooldown","SummonEffect","SummonLimit","SpawnIdle","StrengthWeight","ChildTroop","ChildTroopCount","SpeedDecreasePerChildTroopLost","ChildTroop0_X","ChildTroop0_Y","ChildTroop1_X","ChildTroop1_Y","ChildTroop2_X","ChildTroop2_Y","AttackMultipleBuildings","IncreasingDamage","DPSLv2","DPSLv3","Lv2SwitchTime","Lv3SwitchTime","AttackEffectLv2","AttackEffectLv3","AttackEffectLv4","TransitionEffectLv2","TransitionEffectLv3","TransitionEffectLv4","HitEffectOffset","TargetedEffectOffset","SecondarySpawnOffset","CustomDefenderIcon","SpecialMovementMod","InvisibilityRadius","HealthReductionPerSecond","AutoMergeDistance","AutoMergeGroupSize","IsUnderground","ProjectileBounces","FriendlyGroupWeight","EnemyGroupWeight","NewTargetAttackDelay","TriggersTraps","ChainShootingDistance","PreAttackEffect","MoveTrailEffect","BecomesTargetableEffect","BoostedIfAlone","BoostRadius","BoostDmgPerfect","BoostAttackSpeed","HideEffect"
"String","String","String","String","int","int","int","int","int","int","String","int","int","String","int","int","int","int","int","int","int","boolean","boolean","String","String","String","String","String","String","String","String","String","String","String","boolean","boolean","boolean","int","String","String","int","boolean","int","int","String","int","int","String","int","boolean","String","boolean","int","int","boolean","boolean","int","String","int","int","String","int","int","int","String","int","int","int","int","int","int","int","int","boolean","boolean","int","int","int","int","String","String","String","String","String","String","int","int","int","String","int","int","int","int","int","boolean","int","int","int","int","boolean","int","String","String","String","boolean","int","int","int","String"
"Barbarian","TID_BARBARIAN","TID_CHARACTER_INFO_BARBARIAN","sc/characters.cs",1,1,1,200,45,20,"Elixir",25,6,"Elixir",50000,1,40,1000,8,1,,,,"sc/ui.sc","icon_unit_barbarian","unit_barbarian_big","sc/info_barbarian.sc",,,,"Barbarian Deploy","Barbarian Attack","Barbarian Hit",,"false","false","true",,"Barbarian Die","Barbarian",1,"false",,0,"TombStone",,,,,,,,,,,,,,,,,,,100,,,,,,,,,,,,,,,,,,,,,,,-50,,,,,,,,,,100,100,,"true",,,,,,,,,
,,,,,,1,,54,,,40,24,,150000,,,,11,,,,,,,,,,,,,,,,,,,,,"Barbarian",1,,,,,,,,,,,,,,,,,,,,,,,100,,,,,,,,,,,,,,,,,,,,,,,,,,,,,,,,,,,,,,,,,,,,,
,,,,,,3,,65,,,60,72,,500000,,,,14,,,,,,,,,,,,,,,,,,,,,"Barbarian3",1,,,,,,,,,,,,,,,,,,,,,,,90,,,,,,,,,,,,,,,,,,,,,,,,,,,,,,,,,,,,,,,,,,,,,
,,,,,,5,,78,,,100,120,,1500000,,,,18,,,,,,,,,,,,,,,,,,,,,"Barbarian3",1,,,,,,,,,,,,,,,,,,,,,,,80,,,,,,,,,,,,,,,,,,,,,,,,,,,,,,,,,,,,,,,,,,,,,
,,,,,,6,,95,,,150,240,,4500000,,,,23,,,,,,,,,,,,,,,,,,,,,"Barbarian5",1,,,,,,,,,,,,,,,,,,,,,,,70,,,,,,,,,,,,,,,,,,,,,,,,,,,,,,,,,,,,,,,,,,,,,
,,,,,,7,,110,,,200,336,,6000000,,,,26,,,,,,,,,,,,,,,,,,,,,"Barbarian6",1,,,,,,,,,,,,,,,,,,,,,,,65,,,,,,,,,,,,,,,,,,,,,,,,,,,,,,,,,,,,,,,,,,,,,
,,,,,,8,,125,,,250,,,,,,,30,,,,,,,,,,,,,,,,,,,,,"Barbarian7",1,,,,,,,,,,,,,,,,,,,,,,,60,,,,,,,,,,,,,,,,,,,,,,,,,,,,,,,,,,,,,,,,,,,,,
"Archer","TID_ARCHER","TID_CHARACTER_INFO_ARCHER","sc/characters.cs",1,2,1,300,20,24,"Elixir",50,12,"Elixir",50000,1,350,1000,7,1,,,,"sc/ui.sc","icon_unit_archer","unit_archer_big","sc/info_archer.sc","Arrow_small",,,"Archer Deploy","Archer Attack","Archer Hit",,"false","true","true",,"Archer Die","Archer",1,"false",,0,"TombStone",,,,,,,,,,,,,,,,,,,150,,,,,,,,,,,,,,,,,,,,,,,-50,,,,,,,,,,100,100,,"true",,,,,,,,,
,,,,,,1,,23,,,80,48,,250000,,,,9,,,,,,,,,"Arrow_small",,,,,,,,,,,,"Archer",1,,,,,,,,,,,,,,,,,,,,,,,150,,,,,,,,,,,,,,,,,,,,,,,,,,,,,,,,,,,,,,,,,,,,,
,,,,,,3,,28,,,120,72,,750000,,,,12,,,,,,,,,"Arrow_small_fire",,,,,,,,,,,,"Archer2",1,,,,,,,,,,,,,,,,,,,,,,,140,,,,,,,,,,,,,,,,,,,,,,,,,,,,,,,,,,,,,,,,,,,,,
,,,,,,5,,33,,,200,120,,2250000,,,,16,,,,,,,,,"Arrow_small_fire",,,,,,,,,,,,"Archer2",1,,,,,,,,,,,,,,,,,,,,,,,130,,,,,,,,,,,,,,,,,,,,,,,,,,,,,,,,,,,,,,,,,,,,,
,,,,,,6,,40,,,300,240,,6000000,,,,20,,,,,,,,,"Arrow_small_elixirFire",,,,,,,,,,,,"Archer3",1,,,,,,,,,,,,,,,,,,,,,,,120,,,,,,,,,,,,,,,,,,,,,,,,,,,,,,,,,,,,,,,,,,,,,
,,,,,,7,,44,,,400,336,,7500000,,,,22,,,,,,,,,"Arrow_small_darkElixirFire",,,,,,,,,,,,"Archer6",1,,,,,,,,,,,,,,,,,,,,,,,110,,,,,,,,,,,,,,,,,,,,,,,,,,,,,,,,,,,,,,,,,,,,,
,,,,,,8,,48,,,500,,,,,,,25,,,,,,,,,"Arrow_small_darkElixirFire2",,,,,,,,,,,,"Archer7",1,,,,,,,,,,,,,,,,,,,,,,,100,,,,,,,,,,,,,,,,,,,,,,,,,,,,,,,,,,,,,,,,,,,,,
"Goblin","TID_GOBLIN","TID_CHARACTER_INFO_GOBLIN","sc/characters.cs",1,4,1,400,25,28,"Elixir",25,12,"Elixir",50000,1,40,1000,11,2,,,,"sc/ui.sc","icon_unit_goblin","unit_goblin_big","sc/info_goblin.sc",,,"Resource","Goblin Deploy","Goblin Attack","Goblin Hit",,"false","false","true",,"Goblin Die","Goblin",1,"false",,0,"TombStone",,,,,,,,,,,,,,,,,,,50,,,,,,,,,,,,,,,,,,,,,,,-50,,,,,,,,,,50,50,,"true",,,,,,,,,
,,,,,,1,,30,,,40,48,,250000,,,,14,,,,,,,,,,,,,,,,,,,,,"Goblin",1,,,,,,,,,,,,,,,,,,,,,,,50,,,,,,,,,,,,,,,,,,,,,,,,,,,,,,,,,,,,,,,,,,,,,
,,,,,,3,,36,,,60,72,,750000,,,,19,,,,,,,,,,,,,,,,,,,,,"Goblin2",1,,,,,,,,,,,,,,,,,,,,,,,45,,,,,,,,,,,,,,,,,,,,,,,,,,,,,,,,,,,,,,,,,,,,,
,,,,,,5,,43,,,80,120,,2250000,,,,24,,,,,,,,,,,,,,,,,,,,,"Goblin2",1,,,,,,,,,,,,,,,,,,,,,,,40,,,,,,,,,,,,,,,,,,,,,,,,,,,,,,,,,,,,,,,,,,,,,
,,,,,,6,,52,,,100,192,,4500000,,,,32,,,,,,,,,,,,,,,,,,,,,"Goblin3",1,,,,,,,,,,,,,,,,,,,,,,,35,,,,,,,,,,,,,,,,,,,,,,,,,,,,,,,,,,,,,,,,,,,,,
,,,,,,7,,68,,,150,240,,6750000,,,,42,,,,,,,,,,,,,,,,,,,,,"Goblin6",1,,,,,,,,,,,,,,,,,,,,,,,30,,,,,,,,,,,,,,,,,,,,,,,,,,,,,,,,,,,,,,,,,,,,,
,,,,,,8,,74,,,200,,,,,,,52,,,,,,,,,,,,,,,,,,,,,"Goblin7",1,,,,,,,,,,,,,,,,,,,,,,,30,,,,,,,,,,,,,,,,,,,,,,,,,,,,,,,,,,,,,,,,,,,,,
"Giant","TID_GIANT","TID_CHARACTER_INFO_GIANT","sc/characters.cs",5,3,1,150,300,120,"Elixir",250,24,"Elixir",100000,2,100,2000,11,1,,,,"sc/ui.sc","icon_unit_giant","unit_giant_big","sc/info_giant.sc",,,"Defense","Giant Deploy","Giant Attack","Giant Hit",,"false","false","true",,"Giant Die","Giant",1,"false",,0,"TombStone",,,,,,,,,,,,,,,,,,,120,,,,,,,,,,,,,,,,,,,,,,,-50,,,,,,,,,,600,500,,"true",,,,,,,,,
,,,,,,2,,360,,,750,48,,250000,,,,14,,,,,,,,,,,,,,,,,,,,,"Giant",1,,,,,,,,,,,,,,,,,,,,,,,120,,,,,,,,,,,,,,,,,,,,,,,,,,,,,,,,,,,,,,,,,,,,,
,,,,,,4,,430,,,1250,72,,750000,,,,19,,,,,,,,,,,,,,,,,,,,,"Giant2",1,,,,,,,,,,,,,,,,,,,,,,,120,,,,,,,,,,,,,,,,,,,,,,,,,,,,,,,,,,,,,,,,,,,,,
,,,,,,5,,520,,,1750,120,,2250000,,,,24,,,,,,,,,,,,,,,,,,,,,"Giant2",1,,,,,,,,,,,,,,,,,,,,,,,120,,,,,,,,,,,,,,,,,,,,,,,,,,,,,,,,,,,,,,,,,,,,,
,,,,,,6,,670,,,2250,240,,5000000,,,,31,,,,,,,,,,,,,,,,,,,,,"Giant3",1,,,,,,,,,,,,,,,,,,,,,,,120,,,,,,,,,,,,,,,,,,,,,,,,,,,,,,,,,,,,,,,,,,,,,
,,,,,,7,,940,,,3000,288,,6000000,,,,43,,,,,,,,,,,,,,,,,,,,,"Giant6",1,,,,,,,,,,,,,,,,,,,,,,,200,,,,,,,,,,,,,,,,,,,,,,,,,,,,,,,,,,,,,,,,,,,,,
,,,,,,8,,1100,,,3500,336,,9500000,,,,50,,,,,,,,,,,,,,,,,,,,,"Giant7",1,,,,,,,,,,,,,,,,,,,,,,,280,,,,,,,,,,,,,,,,,,,,,,,,,,,,,,,,,,,,,,,,,,,,,
,,,,,,9,,1260,,,4000,,,,,,,57,,,,,,,,,,,,,,,,,,,,,"Giant8",1,,,,,,,,,,,,,,,,,,,,,,,330,,,,,,,,,,,,,,,,,,,,,,,,,,,,,,,,,,,,,,,,,,,,,
"Wall Breaker","TID_WALL_BREAKER","TID_CHARACTER_INFO_WALLBREAKER","sc/characters.cs",2,5,1,300,20,40,"Elixir",500,24,"Elixir",100000,2,50,1000,12,40,80,,,"sc/ui.sc","icon_unit_wallbreaker","unit_skeleton_big","sc/info_wallbreaker.sc",,,"Wall","Wall Breaker Deploy","Wall Breaker Attack","Wall Breaker Hit",,"false","false","true",1,"Wall Breaker Die","Wall Breaker",1,"false",,0,"TombStone",,,,,,,,,,,,,,,,,,,100,,,,,,,,,,,,,,,,,,,,,,,-50,,,,,,,,,,50,50,,"true",,,,,,,,,
,,,,,,2,,24,,,750,48,,250000,,,,16,,80,,,,,,,,,,,,,,,,,,,"Wall Breaker",1,,,,,,,,,,,,,,,,,,,,,,,100,,,,,,,,,,,,,,,,,,,,,,,,,,,,,,,,,,,,,,,,,,,,,
,,,,,,4,,29,,,1000,72,,750000,,,,24,,80,,,,,,,,,,,,,,,,,,,"Wall Breaker2",1,,,,,,,,,,,,,,,,,,,,,,,100,,,,,,,,,,,,,,,,,,,,,,,,,,,,,,,,,,,,,,,,,,,,,
,,,,,,5,,35,,,1250,120,,2250000,,,,32,,80,,,,,,,,,,,,,,,,,,,"Wall Breaker2",1,,,,,,,,,,,,,,,,,,,,,,,100,,,,,,,,,,,,,,,,,,,,,,,,,,,,,,,,,,,,,,,,,,,,,
,,,,,,6,,42,,,1500,240,,6750000,,,,46,,80,,,,,,,,,,,,,,,,,,,"Wall Breaker3",1,,,,,,,,,,,,,,,,,,,,,,,90,,,,,,,,,,,,,,,,,,,,,,,,,,,,,,,,,,,,,,,,,,,,,
,,,,,,8,,54,,,1750,,,,,,,60,,80,,,,,,,,,,,,,,,,,,,"Wall Breaker6",1,,,,,,,,,,,,,,,,,,,,,,,80,,,,,,,,,,,,,,,,,,,,,,,,,,,,,,,,,,,,,,,,,,,,,
"Balloon","TID_GOBLIN_BALLOON","TID_CHARACTER_INFO_BALLOON","sc/characters.cs",5,6,1,130,150,80,"Elixir",1000,24,"Elixir",150000,5,50,4000,25,1,120,,"true","sc/ui.sc","icon_unit_balloon","unit_balloon_big","sc/info_balloon.sc",,,"Defense","Balloon Goblin Deploy","Balloon Goblin Attack","Balloon Goblin Hit",,"true","false","true",,"Balloon Goblin Die","Balloon Goblin",1,"false",,20,"TombStone",25,120,"Balloon Exposion",416,,,,,,,,,,,,,,,100,,,,,,,,,,,,,,,,,,,,,,-750,100,,,,,,,,,,600,500,,"true",,,,,,,,,
,,,,,,2,,180,,,1250,48,,450000,,,,32,,,,,,,,,,,,,,,,,,,,,"Balloon Goblin",1,,,,,32,,"Balloon Exposion",,,,,,,,,,,,,,,,100,,,,,,,,,,,,,,,,,,,,,,,,,,,,,,,,,,,,,,,,,,,,,
,,,,,,4,,216,,,1500,72,,1350000,,,,48,,,,,,,,,,,,,,,,,,,,,"Balloon Goblin2",1,,,,,48,,"Balloon Exposion",,,,,,,,,,,,,,,,100,,,,,,,,,,,,,,,,,,,,,,,,,,,,,,,,,,,,,,,,,,,,,
,,,,,,5,,280,,,1750,120,,2500000,,,,72,,,,,,,,,,,,,,,,,,,,,"Balloon Goblin2",1,,,,,72,,"Balloon Exposion",,,,,,,,,,,,,,,,100,,,,,,,,,,,,,,,,,,,,,,,,,,,,,,,,,,,,,,,,,,,,,
,,,,,,6,,390,,,2000,240,,6000000,,,,108,,,,,,,,,,,,,,,,,,,,,"Balloon Goblin3",1,,,,,108,,"Balloon Exposion",,,,,,,,,,,,,,,,100,,,,,,,,,,,,,,,,,,,,,,,,,,,,,,,,,,,,,,,,,,,,,
,,,,,,7,,545,,,2250,336,,9500000,,,,162,,,,,,,,,,,,,,,,,,,,,"Balloon Goblin6",1,,,,,162,,"Dark Balloon Exposion",,,,,,,,,,,,,,,,190,,,,,,,,,,,,,,,,,,,,,,,,,,,,,,,,,,,,,,,,,,,,,
,,,,,,9,,690,,,2500,,,,,,,198,,,,,,,,,,,,,,,,,,,,,"Balloon Goblin7",1,,,,,214,,"Dark Balloon Exposion",,,,,,,,,,,,,,,,260,,,,,,,,,,,,,,,,,,,,,,,,,,,,,,,,,,,,,,,,,,,,,
"Wizard","TID_WIZARD","TID_CHARACTER_INFO_WIZARD","sc/characters.cs",4,7,1,200,75,120,"Elixir",1500,24,"Elixir",150000,5,300,1500,50,1,30,,,"sc/ui.sc","icon_unit_wizard","unit_wizard_big","sc/info_wizard.sc","wizard_projectile",,,"Wizard Deploy","Wizard_attack","Wizard Hit1",,"false","true","true",,"Wizard Die","Wizard",1,"false",,0,"TombStone",,,,,,,,,,,,,,,,,,,150,,,,,,,,,,,,,,,,,,,,,,,-50,,,,,,,,,,600,200,,"true",,,,,,,,,
,,,,,,3,,90,,,2000,48,,450000,,,,70,,,,,,,,,"wizard_projectile",,,,"Wizard_attack","Wizard Hit1",,,,,,,"Wizard",1,,,,,,,,,,,,,,,,,,,,,,,150,,,,,,,,,,,,,,,,,,,,,,,,,,,,,,,,,,,,,,,,,,,,,
,,,,,,4,,108,,,2500,72,,1350000,,,,90,,,,,,,,,"wizard_projectile",,,,"Wizard_attack","Wizard Hit1",,,,,,,"Wizard2",1,,,,,,,,,,,,,,,,,,,,,,,150,,,,,,,,,,,,,,,,,,,,,,,,,,,,,,,,,,,,,,,,,,,,,
,,,,,,5,,130,,,3000,120,,2500000,,,,125,,,,,,,,,"wizard_projectile2",,,,"Wizard_attack2","Wizard Hit2",,,,,,,"Wizard2",1,,,,,,,,,,,,,,,,,,,,,,,150,,,,,,,,,,,,,,,,,,,,,,,,,,,,,,,,,,,,,,,,,,,,,
,,,,,,6,,156,,,3500,240,,5000000,,,,170,,,,,,,,,"wizard_projectile2",,,,"Wizard_attack2","Wizard Hit2",,,,,,,"Wizard3",1,,,,,,,,,,,,,,,,,,,,,,,150,,,,,,,,,,,,,,,,,,,,,,,,,,,,,,,,,,,,,,,,,,,,,
,,,,,,7,,175,,,4000,336,,8500000,,,,185,,,,,,,,,"wizard_projectile3",,,,"Wizard_attack3","Wizard Hit2",,,,,,,"Wizard6",1,,,,,,,,,,,,,,,,,,,,,,,150,,,,,,,,,,,,,,,,,,,,,,,,,,,,,,,,,,,,,,,,,,,,,
,,,,,,8,,190,,,4500,,,,,,,200,,,,,,,,,"wizard_projectile4",,,,"Wizard_attack3","Wizard Hit2",,,,,,,"Wizard7",1,,,,,,,,,,,,,,,,,,,,,,,150,,,,,,,,,,,,,,,,,,,,,,,,,,,,,,,,,,,,,,,,,,,,,
"Healer","TID_HEALER","TID_CHARACTER_INFO_HEALER","sc/characters.cs",14,8,1,200,500,480,"Elixir",5000,72,"Elixir",750000,10,500,700,-35,1,200,,,"sc/ui.sc","icon_unit_healer","unit_healer_big","sc/info_healer.sc","HealerEnergy",,,"Healer Deploy","Healer Attack","Healer Hit",,"true","false","true",,"Healer Die","Healer",1,"false",,50,"TombStone",,,,,,,,,,,,,,,,,,,180,,,,,,,,,,,,,,,,,,,,,,,-50,,,,,,,,,,200,200,,"true",,,,,,,,,
,,,,,,5,,600,,,6000,120,,1500000,,,,-42,,,,,,,,,,,,,,,,,,,,,"Healer",1,,,,,,,,,,,,,,,,,,,,,,,185,,,,,,,,,,,,,,,,,,,,,,,,,,,,,,,,,,,,,,,,,,,,,
,,,,,,6,,840,,,8000,168,,3000000,,,,-55,,,,,,,,,,,,,,,,,,,,,"Healer2",1,,,,,,,,,,,,,,,,,,,,,,,200,,,,,,,,,,,,,,,,,,,,,,,,,,,,,,,,,,,,,,,,,,,,,
,,,,,,7,,1176,,,10000,,,,,,,-71,,,,,,,,,,,,,,,,,,,,,"Healer2",1,,,,,,,,,,,,,,,,,,,,,,,220,,,,,,,,,,,,,,,,,,,,,,,,,,,,,,,,,,,,,,,,,,,,,
"Dragon","TID_DRAGON","TID_CHARACTER_INFO_DRAGON","sc/characters.cs",20,9,1,200,1900,720,"Elixir",25000,168,"Elixir",2000000,25,300,1500,140,1,30,,,"sc/ui.sc","icon_unit_dragon","unit_dragon_big","sc/info_dragon.sc",,,,"Dragon Deploy","Dragon Attack","Dragon Hit",,"true","true","true",,"Dragon Die","Dragon",1,"false",,15,"TombStone",,,,,,,,,,,,,,,,,,,160,,,,,,,,,,,,,,,,,,,,,,-700,80,,,,,,,,,,3000,2000,,"true",,,,,,,,,
,,,,,,5,,2100,,,29000,216,,3000000,,,,160,,,,,,,,,,,,,,,,,,,,,"Dragon2",1,,,,,,,,,,,,,,,,,,,,,,,165,,,,,,,,,,,,,,,,,,,,,,,,,,,,,,,,,,,,,,,,,,,,,
,,,,,,6,,2300,,,33000,240,,5000000,,,,180,,,,,,,,,,,,,,,,,,,,,"Dragon3",1,,,,,,,,,,,,,,,,,,,,,,,170,,,,,,,,,,,,,,,,,,,,,,,,,,,,,,,,,,,,,,,,,,,,,
,,,,,,7,,2500,,,37000,288,,7000000,,,,200,,,,,,,,,,,,,,,,,,,,,"Dragon4",1,,,,,,,,,,,,,,,,,,,,,,,250,,,,,,,,,,,,,,,,,,,,,,,,,,,,,,,,,,,,,,,,,,,,,
,,,,,,8,,2700,,,42000,336,,9000000,,,,220,,,,,,,,,,,,,,,,,,,,,"Dragon5",1,,,,,,,,,,,,,,,,,,,,,,,420,,,,,,,,,,,,,,,,,,,,,,,,,,,,,,,,,,,,,,,,,,,,,
,,,,,,9,,2900,,,46000,,,,,,,240,,,,,,,,,,,,,,,,,,,,,"Dragon6",1,,,,,,,,,,,,,,,,,,,,,,,480,,,,,,,,,,,,,,,,,,,,,,,,,,,,,,,,,,,,,,,,,,,,,
"PEKKA","TID_PEKKA","TID_CHARACTER_INFO_PEKKA","sc/characters.cs",25,10,1,200,2800,720,"Elixir",28000,240,"Elixir",3000000,25,80,2500,240,1,,,,"sc/ui.sc","icon_unit_pekka","unit_pekka_big","sc/info_pekka.sc",,,,"Pekka Deploy","Pekka Attack","Pekka Hit",,"false","false","true",,"Pekka Die","PEKKA",1,"false",,0,"TombStone",,,,,,,,,,,,,,,,,,,120,,,,,,,,,,,,,,,,,,,,,,,-50,,,,,,,,,,3000,2000,,"true",,,,,,,,,
,,,,,,6,,3100,,,32000,288,,6000000,,,,270,,,,,,,,,,,,,,,,,,,,,"PEKKA2",1,,,,,,,,,,,,,,,,,,,,,,,150,,,,,,,,,,,,,,,,,,,,,,,,,,,,,,,,,,,,,,,,,,,,,
,,,,,,6,,3500,,,36000,336,,7000000,,,,300,,,,,,,,,,,,,,,,,,,,,"PEKKA3",1,,,,,,,,,,,,,,,,,,,,,,,180,,,,,,,,,,,,,,,,,,,,,,,,,,,,,,,,,,,,,,,,,,,,,
,,,,,,8,,4000,,,40000,336,,8000000,,,,340,,,,,,,,,,,,,,,,,,,,,"PEKKA4",1,,,,,,,,,,,,,,,,,,,,,,,220,,,,,,,,,,,,,,,,,,,,,,,,,,,,,,,,,,,,,,,,,,,,,
,,,,,,8,,4500,,,45000,,,,,,,380,,,,,,,,,,,,,,,,,,,,,"PEKKA5",1,,,,,,,,,,,,,,,,,,,,,,,350,,,,,,,,,,,,,,,,,,,,,,,,,,,,,,,,,,,,,,,,,,,,,
"Gargoyle","TID_GARGOYLE","TID_CHARACTER_INFO_MINION","sc/characters.cs",2,1,1,400,55,36,"DarkElixir",6,120,"DarkElixir",10000,1,275,1000,35,1,,,,"sc/ui.sc","icon_unit_gargoyle","unit_flyingF_big","sc/info_minion.sc","gargoyle_projectile",,,"Gargoyle Deploy","Gargoyle Attack","Gargoyle Hit",,"true","true","true",,"Gargoyle Die","Gargoyle_lvl1",2,"false",,100,"DarkTombStone",,,,,,,,,,,,,,,,,,,120,,,,,,,,,,,,,,,,,,,,,,-400,60,,,,,,,,,,200,100,,"true",,,,,,,,,
,,,,,,5,,60,,,7,144,,20000,,,,38,,,,,,,,,,,,,,,,,,,,,"Gargoyle_lvl1",,,,,,,,,,,,,,,,,,,,,,,,120,,,,,,,,,,,,,,,,,,,,,,,,,,,,,,,,,,,,,,,,,,,,,
,,,,,,6,,66,,,8,168,,30000,,,,42,,,,,,,,,,,,,,,,,,,,,"Gargoyle_lvl2",,,,,,,,,,,,,,,,,,,,,,,,115,,,,,,,,,,,,,,,,,,,,,,,,,,,,,,,,,,,,,,,,,,,,,
,,,,,,6,,72,,,9,240,,40000,,,,46,,,,,,,,,,,,,,,,,,,,,"Gargoyle_lvl2",,,,,,,,,,,,,,,,,,,,,,,,110,,,,,,,,,,,,,,,,,,,,,,,,,,,,,,,,,,,,,,,,,,,,,
,,,,,,7,,78,,,10,288,,100000,,,,50,,,,,,,,,,,,,,,,,,,,,"Gargoyle_lvl3",,,,,,,,,,,,,,,,,,,,,,,,105,,,,,,,,,,,,,,,,,,,,,,,,,,,,,,,,,,,,,,,,,,,,,
,,,,,,8,,84,,,11,336,,140000,,,,54,,,,,,,,,,,,,,,,,,,,,"Gargoyle_lvl4",,,,,,,,,,,,,,,,,,,,,,,,100,,,,,,,,,,,,,,,,,,,,,,,,,,,,,,,,,,,,,,,,,,,,,
,,,,,,9,,90,,,12,,,,,,,58,,,,,,,,,,,,,,,,,,,,,"Gargoyle_lvl5",,,,,,,,,,,,,,,,,,,,,,,,100,,,,,,,,,,,,,,,,,,,,,,,,,,,,,,,,,,,,,,,,,,,,,
"Boar Rider","TID_BOARRIDER","TID_CHARACTER_INFO_RIDER","sc/characters.cs",5,2,1,300,270,90,"DarkElixir",40,192,"DarkElixir",20000,5,60,1000,60,1,,,,"sc/ui.sc","icon_unit_boarRider","unit_boarRider_big","sc/info_hogrider.sc",,,"Defense","BoarRider Deploy","BoarRider Attack","BoarRider Hit",,"false","false","true",,"BoarRider Die","BoarRider_lvl1",2,"true",,0,"DarkTombStone",,,,,,,,,,,,,,,,,,,120,,,,,,,,,,,,,,,,,,,,,,,-50,,,,,,,,,,600,500,,"true",,,,,,,,,
,,,,,,5,,312,,,45,240,,30000,,,,70,,,,,,,,,,,,,,,,,,,,,"BoarRider_lvl1",,,,,,,,,,,,,,,,,,,,,,,,130,,,,,,,,,,,,,,,,,,,,,,,,,,,,,,,,,,,,,,,,,,,,,
,,,,,,6,,360,,,52,264,,40000,,,,80,,,,,,,,,,,,,,,,,,,,,"BoarRider_lvl2",,,,,,,,,,,,,,,,,,,,,,,,140,,,,,,,,,,,,,,,,,,,,,,,,,,,,,,,,,,,,,,,,,,,,,
,,,,,,6,,415,,,58,288,,50000,,,,92,,,,,,,,,,,,,,,,,,,,,"BoarRider_lvl2",,,,,,,,,,,,,,,,,,,,,,,,150,,,,,,,,,,,,,,,,,,,,,,,,,,,,,,,,,,,,,,,,,,,,,
,,,,,,7,,475,,,65,336,,100000,,,,105,,,,,,,,,,,,,,,,,,,,,"BoarRider_lvl3",,,,,,,,,,,,,,,,,,,,,,,,200,,,,,,,,,,,,,,,,,,,,,,,,,,,,,,,,,,,,,,,,,,,,,
,,,,,,8,,535,,,90,,,,,,,118,,,,,,,,,,,,,,,,,,,,,"BoarRider_lvl4",,,,,,,,,,,,,,,,,,,,,,,,250,,,,,,,,,,,,,,,,,,,,,,,,,,,,,,,,,,,,,,,,,,,,,
"Warrior Girl","TID_WARRIORGIRL","TID_CHARACTER_INFO_VALKYRIE","sc/characters.cs",8,3,1,300,750,180,"DarkElixir",70,192,"DarkElixir",50000,8,50,1800,94,1,100,,"true","sc/ui.sc","icon_unit_warriorGirl","unit_warriorGirl_big","sc/info_valkyrie.sc",,,,"WarriorGirl Deploy","WarriorGirl Attack","WarriorGirl Hit",,"false","false","true",,"WarriorGirl Die","WarriorGirl_lvl1",2,"false",,0,"DarkTombStone",,,,,,,,,,,,,,,,,,,100,,,,,,,,,,"true",,,,,,,,,,,,,-50,,,,,,,,,,600,500,600,"true",,,,,,,,,
,,,,,,6,,800,,,100,240,,60000,,,,106,,,,,,,,,,,,,"WarriorGirl Attack",,,,,,,,"WarriorGirl_lvl1",,,,,,,,,,,,,,,,,,,,,,,,130,,,,,,,,,,,,,,,,,,,,,,,,,,,,,,,,,,,,,,,,,,,,,
,,,,,,7,,850,,,130,288,,70000,,,,119,,,,,,,,,,,,,"WarriorGirl Attack2",,,,,,,,"WarriorGirl_lvl2",,,,,,,,,,,,,,,,,,,,,,,,160,,,,,,,,,,,,,,,,,,,,,,,,,,,,,,,,,,,,,,,,,,,,,
,,,,,,7,,900,,,160,336,,110000,,,,133,,,,,,,,,,,,,"WarriorGirl Attack2",,,,,,,,"WarriorGirl_lvl2",,,,,,,,,,,,,,,,,,,,,,,,190,,,,,,,,,,,,,,,,,,,,,,,,,,,,,,,,,,,,,,,,,,,,,
,,,,,,8,,1100,,,190,,,,,,,148,,,,,,,,,,,,,"WarriorGirl Attack2",,,,,,,,"WarriorGirl_lvl3",,,,,,,,,,,,,,,,,,,,,,,,220,,,,,,,,,,,,,,,,,,,,,,,,,,,,,,,,,,,,,,,,,,,,,
"Golem","TID_GOLEM","TID_CHARACTER_INFO_GOLEM","sc/characters.cs",30,4,1,150,4500,600,"DarkElixir",450,240,"DarkElixir",60000,30,100,2400,38,1,,,,"sc/ui.sc","icon_unit_golem","unit_golem_big","sc/info_golem.sc",,,"Defense","Golem Deploy","Golem Attack","Golem Hit",,"false","false","true",,"Golem_split","Golem_lvl1",2,"false",,0,"DarkTombStone",350,120,,0,,"Golem Secondary",,2,150,,,,,,,,,,160,,,,,,,,,,,,,,,,,,,,,,,-50,,,,,,,,,,1000,3000,,"true",,,,,,,,,
,,,,,,6,,5000,,,525,288,,70000,,,,42,,,,,,,,,,,,,,,,,,,,,"Golem_lvl1",,,,,,400,,,,,,,2,,,,,,,,,,,170,,,,,,,,,,,,,,,,,,,,,,,,,,,,,,,,,,,,,,,,,,,,,
,,,,,,7,,5500,,,600,336,,80000,,,,46,,,,,,,,,,,,,,,,,,,,,"Golem_lvl2",,,,,,450,,,,,,,2,,,,,,,,,,,210,,,,,,,,,,,,,,,,,,,,,,,,,,,,,,,,,,,,,,,,,,,,,
,,,,,,7,,6000,,,675,336,,90000,,,,50,,,,,,,,,,,,,,,,,,,,,"Golem_lvl2",,,,,,500,,,,,,,2,,,,,,,,,,,270,,,,,,,,,,,,,,,,,,,,,,,,,,,,,,,,,,,,,,,,,,,,,
,,,,,,8,,6300,,,750,,,,,,,54,,,,,,,,,,,,,,,,,,,,,"Golem_lvl3",,,,,,530,,,,,,,2,,,,,,,,,,,400,,,,,,,,,,,,,,,,,,,,,,,,,,,,,,,,,,,,,,,,,,,,,
"Golem Secondary","TID_GOLEM_SEC","TID_CHARACTER_INFO_GOLEM_SEC","sc/characters.cs",15,1,1,150,900,,"DarkElixir",,,"DarkElixir",,1,50,3000,7,1,,,,"sc/ui.sc","icon_unit_golem","unit_golem_secondary_big","sc/info_golem.sc",,,"Defense",,"Small Golem Attack","Golem Hit",,"false","false","true",,"Golem_die","GolemSmall_lvl1",,"false",,0,"DarkTombStone",70,120,,,"true",,"true",,,,,,,,,,,,,,,,,,,,,,,,,,,,,,,,,,,-50,,,,,,,,,,500,1500,,"true",,,,,,,,,
,,,,,,,,1000,,,,,,,,,,8,,,,,,,,,,,,,,,,,,,,,"GolemSmall_lvl1",,,,,,80,,,,,,,,,,,,,,,,,,,,,,,,,,,,,,,,,,,,,,,,,,,,,,,,,,,,,,,,,,,,,,,
,,,,,,,,1100,,,,,,,,,,9,,,,,,,,,,,,,,,,,,,,,"GolemSmall_lvl2",,,,,,90,,,,,,,,,,,,,,,,,,,,,,,,,,,,,,,,,,,,,,,,,,,,,,,,,,,,,,,,,,,,,,,
,,,,,,,,1200,,,,,,,,,,10,,,,,,,,,,,,,,,,,,,,,"GolemSmall_lvl2",,,,,,100,,,,,,,,,,,,,,,,,,,,,,,,,,,,,,,,,,,,,,,,,,,,,,,,,,,,,,,,,,,,,,,
,,,,,,,,1260,,,,,,,,,,11,,,,,,,,,,,,,,,,,,,,,"GolemSmall_lvl3",,,,,,106,,,,,,,,,,,,,,,,,,,,,,,,,,,,,,,,,,,,,,,,,,,,,,,,,,,,,,,,,,,,,,,
"Warlock","TID_WARLOCK","TID_CHARACTER_INFO_WARLOCK","sc/characters.cs",12,5,1,150,250,120,"DarkElixir",80,240,"DarkElixir",75000,15,400,700,30,1,30,,,"sc/ui.sc","icon_unit_witch","unit_witch_big","sc/info_witch.sc","Witch_projectile",,,"Warlock Deploy","Warlock Attack","Warlock Hit",,"false","true","true",,"Warlock Die","Necromancer_lvl1",2,"false",,0,"DarkTombStone",,,,,,,,,150,,,,"Skeleton",3,6000,"Warlock Summon",6,,800,,,,,,,,,,,,,,,,,,,,,,,-50,,,,,,,,,,1200,200,,"true",,,,,,,,,
,,,,,,7,,275,,,120,336,,160000,,400,700,35,,,,,,,,,,,,,,,,,,,,,"Necromancer_lvl1",,,,,,,,,,,,,,150,,,,,4,6000,,8,,1000,,,,,,,,,,,,,,,,,,,,,,,,,,,,,,,,,,,,,,,,,,,,,
,,,,,,9,,300,,,150,,,,,400,700,40,,,,,,,,,,,,,,,,,,,,,"Necromancer_lvl2",,,,,,,,,,,,,,150,,,,,5,6000,,10,,2200,,,,,,,,,,,,,,,,,,,,,,,,,,,,,,,,,,,,,,,,,,,,,
"Skeleton","TID_SKELETON","TID_CHARACTER_INFO_SKELETON","sc/characters.cs",1,1,1,300,30,,"DarkElixir",,,"DarkElixir",50000,1,40,1000,25,1,,,,"sc/ui.sc","icon_unit_barbarian","unit_skeletonwarrior_big","sc/info_witch.sc",,,,"Skeleton Deploy","Skeleton Attack","Skeleton Hit",,"false","false","true",,"Skeleton Die","Skeleton",,"false",,0,,,,,,"true",,"true",,,,,,,,,,,500,,,,,,,,,,,,,,,,,,,,,,,,-50,,,,,,,,,,100,100,,"false",,,,,,,,,
"AirDefenceSeeker","TID_AD_SEEKER","TID_CHARACTER_INFO_AD_SEEKER_WITH_EXPLOSION","sc/characters.cs",30,6,1,250,5700,600,"DarkElixir",390,240,"DarkElixir",60000,30,75,2000,10,1,,,,"sc/ui.sc","icon_unit_tiny","unit_tiny_big","sc/info_tiny.sc","hound_projectile","Air Defense",,"Tiny Deploy","Tiny Attack","Tiny Hit",,"true","FALSE","true",,"Tiny Die","ADSeeker_lvl1",2,"false",,100,"DarkTombStone",100,120,,,,"AirDefenceSeekerFragment",,8,500,"true",,,,,,,,,160,,,,,,,,,,,,,,,,,,,,,,-700,80,100,,,,,,,,,1000,3000,,"true",,,,,,,,,
,,,,,,7,,6200,,,450,288,,70000,,,,12,,,,,,,,,,,,,"Tiny Attack",,,,,,,,"ADSeeker_lvl2",,,,,,150,,,,,,,10,,,,,,,,,,,240,,,,,,,,,,,,,,,,,,,,,,,,,,,,,,,,,,,,,,,,,,,,,
,,,,,,8,,6700,,,510,336,,150000,,,,14,,,,,,,,,,,,,"Tiny Attack",,,,,,,,"ADSeeker_lvl3",,,,,,200,,,,,,,12,,,,,,,,,,,350,,,,,,,,,,,,,,,,,,,,,,,,,,,,,,,,,,,,,,,,,,,,,
,,,,,,9,,7200,,,570,,,,,,,16,,,,,,,,,,,,,"Tiny Attack",,,,,,,,"ADSeeker_lvl5",,,,,,250,,,,,,,14,,,,,,,,,,,420,,,,,,,,,,,,,,,,,,,,,,,,,,,,,,,,,,,,,,,,,,,,,
"AirDefenceSeekerFragment","TID_AD_SEEKER_FRAG","TID_CHARACTER_INFO_AD_SEEKER_FRAG","sc/characters.cs",2,1,1,400,50,,"DarkElixir",,,"DarkElixir",,1,275,1000,35,1,,,,"sc/ui.sc","icon_unit_gargoyle","unit_tinymites_big","sc/info_tiny.sc","tinyhound_projectile",,,,"Tinymite Attack","Tinymite Hit",,"true","true","true",,"Tinymite Die","TinyBaby_lvl1",,"false",,100,"DarkTombStone",,,,,"true",,"true",,,,"true",4,,,,,,,,,,,,,,,,,,,,,,,,,,,,,-700,80,,,,,,,,,,200,100,,"true",,,,,,,,,
"TrapSkeletonGround","TID_SKELETON","TID_CHARACTER_INFO_SKELETON","sc/characters.cs",1,1,1,300,30,,"DarkElixir",,,"DarkElixir",,1,40,700,25,1,,,,"sc/ui.sc","icon_unit_barbarian","unit_skeletonwarrior_big","sc/info_witch.sc",,,,"Skeleton Deploy","Skeleton Attack","Skeleton Hit",,"false","false","true",,"Skeleton Die","Skeleton",,"false",,0,,,,,,"true",,"true",,,,,,,,,,,500,,,,,,,,,,,,,,,,,,,,,,,,-50,,"trap_skeleton_icon",,,,,,,,100,100,,"true",,,,,,,,,
"GargoyleTrap","TID_GARGOYLE","TID_CHARACTER_INFO_MINION","sc/characters.cs",2,1,1,300,30,45,"DarkElixir",6,120,"DarkElixir",10000,1,40,700,25,1,,,,"sc/ui.sc","icon_unit_gargoyle","unit_flyingF_big","sc/info_minion.sc","gargoyle_projectile",,,"Gargoyle Deploy","Gargoyle Attack","Gargoyle Hit",,"true","true","false",,"Gargoyle Die","Gargoyle_lvl1",2,"false",,100,"DarkTombStone",,,,,"true",,"true",,,,,,,,,,,,,,,,,,,,,,,,,,,,,,,,,,-400,60,,,,,,,,,,100,100,,"true",,,,,,,,,
"TrapSkeletonAir","TID_SKELETON","TID_CHARACTER_INFO_SKELETON","sc/characters.cs",2,1,1,220,30,45,"DarkElixir",6,120,"DarkElixir",10000,1,40,700,25,1,,,,"sc/ui.sc","icon_unit_gargoyle","unit_flyingF_big","sc/info_witch.sc",,,,,"Skeleton Attack","Skeleton Hit",,"true","true","false",,"Skeleton Die","Airskeleton",2,"false",,100,,,,,,"true",,"true",,,,,,,,,,,500,,,,,,,,,,,,,,,,,,,,,,,-400,60,,"trap_skeleton_icon",,,,,,,,100,100,,"true",,,,,,,,,
"Bowler","TID_BOWLER","TID_CHARACTER_INFO_BOWLER","sc/characters.cs",6,7,1,175,290,120,"DarkElixir",130,240,"DarkElixir",120000,8,300,2200,65,1,30,,,"sc/ui.sc","icon_unit_troll","unit_troll_big","sc/info_troll.sc","trollBoulder_lvl1",,,"Troll Deploy",,"trollBoulderHit","trollBoulderHit_dust_lvl1","false","false","true",,"Wizard Die","Troll_lvl1",2,"false",,0,"DarkTombStone",,,,,,,,,,,,,,,,,,,400,,,,,,,,,,,,,,,,,,,,,,,-50,,,,,,,,,,600,500,1100,"true",400,"trollAttack",,,,,,,
,,,,,,8,,310,,,150,336,,200000,,,,75,,,,,,,,,"trollBoulder_lvl1",,,,,,"trollBoulderHit_dust_lvl1",,,,,,"Troll_lvl1",,,,,,,,,,,,,,,,,,,,,,,,600,,,,,,,,,,,,,,,,,,,,,,,,,,,,,,,,,,,,,,,,,,,,,
,,,,,,9,,350,,,170,,,,,,,85,,,,,,,,,"trollBoulder_lvl2",,,,,,"trollBoulderHit_dust_lvl2",,,,,,"Troll_lvl2",,,,,,,,,,,,,,,,,,,,,,,,800,,,,,,,,,,,,,,,,,,,,,,,,,,,,,,,,,,,,,,,,,,,,,
"BabyDragon","TID_BABY_DRAGON","TID_BABY_DRAGON_INFO","sc/characters.cs",10,11,1,250,1200,360,"Elixir",15000,192,"Elixir",5000000,10,275,1000,75,,30,,,"sc/ui.sc","icon_unit_babydragon","unit_babydragon_big","sc/info_babydragon.sc","babydragon_projectile",,,"Bdragon Deploy","Bdragon Attack","Bdragon Hit",,"true","true","true",,"Bdragon Die","BabyDragon_lvl1",1,"false",,30,"TombStone",,,,,,,,,,,,,,,,,,,150,,,,,,,,,,,,,,,,,,,,,,,,,,,,,,,,,1000,1000,,"true",,,,,"true",450,100,50,
,,,,,,7,,1300,,,16000,240,,6000000,,,,85,,,,,,,,,"babydragon_projectile",,,,,,,,,,,,"BabyDragon_lvl2",,,,,,,,,,,,,,,,,,,,,,,,200,,,,,,,,,,,,,,,,,,,,,,,,,,,,,,,,,,,,,,,,,,,,,
,,,,,,8,,1400,,,17000,288,,7000000,,,,95,,,,,,,,,"babydragon_projectile_lvl2",,,,,,,,,,,,"BabyDragon_lvl3",,,,,,,,,,,,,,,,,,,,,,,,250,,,,,,,,,,,,,,,,,,,,,,,,,,,,,,,,,,,,,,,,,,,,,
,,,,,,8,,1500,,,18000,336,,8000000,,,,105,,,,,,,,,"babydragon_projectile_lvl2",,,,,,,,,,,,"BabyDragon_lvl4",,,,,,,,,,,,,,,,,,,,,,,,300,,,,,,,,,,,,,,,,,,,,,,,,,,,,,,,,,,,,,,,,,,,,,
,,,,,,9,,1600,,,19000,,,,,,,115,,,,,,,,,"babydragon_projectile_lvl3",,,,,,,,,,,,"BabyDragon_lvl5",,,,,,,,,,,,,,,,,,,,,,,,350,,,,,,,,,,,,,,,,,,,,,,,,,,,,,,,,,,,,,,,,,,,,,
"Miner","TID_MINER","TID_MINER_INFO","sc/characters.cs",5,12,1,250,500,120,"Elixir",4200,240,"Elixir",7500000,5,60,1700,80,,,,,"sc/ui.sc","icon_unit_miner","unit_miner_big","sc/info_miner.sc",,,,"Miner Deploy","Miner Attack","Miner Hit",,"false","false","true",,"Miner Die","Miner_lvl1",1,"false",,0,"TombStone",,,,,,,,,,,,,,,,,,,200,,,,,,,,,,,,,,,,,,,,,,,,,,,,,,,"true",,600,500,,"true",,,"Miner Move","Miner Appear",,,,,"Miner Hide"
,,,,,,8,,550,,,4800,288,,8500000,,,,88,,,,,,,,,,,,,,,,,,,,,"Miner_lvl2",,,,,,,,,,,,,,,,,,,,,,,,300,,,,,,,,,,,,,,,,,,,,,,,,,,,,,,,,,,,,,,,,,,,,,
,,,,,,9,,600,,,5400,336,,9500000,,,,96,,,,,,,,,,,,,,,,,,,,,"Miner_lvl3",,,,,,,,,,,,,,,,,,,,,,,,375,,,,,,,,,,,,,,,,,,,,,,,,,,,,,,,,,,,,,,,,,,,,,
,,,,,,9,,650,,,6000,,,,,,,104,,,,,,,,,,,,,,,,,,,,,"Miner_lvl3",,,,,,,,,,,,,,,,,,,,,,,,450,,,,,,,,,,,,,,,,,,,,,,,,,,,,,,,,,,,,,,,,,,,,,
"Miner_DEF","TID_MINER","TID_MINER_INFO","sc/characters.cs",5,99,1,250,500,120,"Elixir",4200,240,"Elixir",7500000,5,60,1700,80,,,,,"sc/ui.sc","icon_unit_miner","unit_miner_big","sc/info_miner.sc",,,,"Miner Deploy","Miner Attack","Miner Hit",,"false","false","true",,"Miner Die","Miner_lvl1",1,"false",,0,"TombStone",,,,,"true",,,,,,,,,,,,,,,,,,,,,,,,,,,,,,,,,,,,,,,,,,,,,,,600,500,,"true",,,"Miner Move","Miner Appear",,,,,"Miner Hide"
,,,,,,8,,550,,,4800,288,,8500000,,,,88,,,,,,,,,,,,,,,,,,,,,"Miner_lvl2",,,,,,,,,,,,,,,,,,,,,,,,,,,,,,,,,,,,,,,,,,,,,,,,,,,,,,,,,,,,,,,,,,,,,
,,,,,,9,,600,,,5400,336,,9500000,,,,96,,,,,,,,,,,,,,,,,,,,,"Miner_lvl3",,,,,,,,,,,,,,,,,,,,,,,,,,,,,,,,,,,,,,,,,,,,,,,,,,,,,,,,,,,,,,,,,,,,,
,,,,,,9,,650,,,6000,,,,,,,104,,,,,,,,,,,,,,,,,,,,,"Miner_lvl3",,,,,,,,,,,,,,,,,,,,,,,,,,,,,,,,,,,,,,,,,,,,,,,,,,,,,,,,,,,,,,,,,,,,,
"Prototype_4","TID_GHOST","TID_CHARACTER_INFO_GHOST","sc/characters.cs",10,99,1,450,10000,20,"DarkElixir",200,240,"DarkElixir",80000,1,1,1000,0,,,,,"sc/ui.sc","icon_unit_witch","unit_witch_big","sc/info_witch.sc",,,,"Golem Deploy",,,,"true","true","true",,,"Prototype_Ghost",2,"false",,0,"DarkTombStone",,,,,"true",,"true",,,,,,,,,,,,,,,,,,,,,,,,,,,,,,,,,,,,,,1,500,1000,,,,,100,100,,"true",,,,,,,,,
"Prototype_5","TID_GHOST","TID_CHARACTER_INFO_GHOST","sc/characters.cs",10,99,1,450,10000,20,"DarkElixir",200,240,"DarkElixir",80000,1,1,1000,0,,,,,"sc/ui.sc","icon_unit_witch","unit_witch_big","sc/info_witch.sc",,,,"Golem Deploy",,,,"true","true","true",,,"Prototype_Ghost",2,"false",,0,"DarkTombStone",,,,,"true",,"true",,,,,,,,,,,,,,,,,,,,,,,,,,,,,,,,,,,,,,1,500,1000,,,,,100,100,,"true",,,,,,,,,
"Prototype_6","TID_GHOST","TID_CHARACTER_INFO_GHOST","sc/characters.cs",10,99,1,450,10000,20,"DarkElixir",200,240,"DarkElixir",80000,1,1,1000,0,,,,,"sc/ui.sc","icon_unit_witch","unit_witch_big","sc/info_witch.sc",,,,"Golem Deploy",,,,"true","true","true",,,"Prototype_Ghost",2,"false",,0,"DarkTombStone",,,,,"true",,"true",,,,,,,,,,,,,,,,,,,,,,,,,,,,,,,,,,,,,,1,500,1000,,,,,100,100,,"true",,,,,,,,,
"Prototype_7","TID_GHOST","TID_CHARACTER_INFO_GHOST","sc/characters.cs",10,99,1,450,10000,20,"DarkElixir",200,240,"DarkElixir",80000,1,1,1000,0,,,,,"sc/ui.sc","icon_unit_witch","unit_witch_big","sc/info_witch.sc",,,,"Golem Deploy",,,,"true","true","true",,,"Prototype_Ghost",2,"false",,0,"DarkTombStone",,,,,"true",,"true",,,,,,,,,,,,,,,,,,,,,,,,,,,,,,,,,,,,,,1,500,1000,,,,,100,100,,"true",,,,,,,,,
